x,y
20,270
20.00001049,279.9971313
20.00001005,289.9942627
20.00000962,299.991394
20.00000918,309.9884949
20.00000874,319.9856262
20.00000831,329.9827576
20.00000787,339.9798584
20.00000743,349.9769897
20.00000699,359.9741211
20.00000656,369.9712524
20.00000612,379.9683838
20.00000568,389.9655151
20.00000525,399.962616
20.00000481,409.9597473
20.00000437,419.9568481
20.00000394,429.9539795
20.0000035,439.9511108
20.00000306,449.9482422
20.00000263,459.9453735
20.00000219,469.9425049
20.00000175,479.9396362
20.00000131,489.9367371
20.00000088,499.9338684
20.00000044,509.9309998
20,519.9281006
29.92523193,520
39.92236328,520
49.91949463,520
59.91662598,520
69.91372681,520
79.91085815,520
89.9079895,520
99.90512085,520
109.9022522,520
119.899353,520
129.8964844,520
139.8936157,520
149.8907471,520
159.8878784,520
169.8849792,520
179.8821106,520
189.8792419,520
199.8763733,520
209.8734741,520
219.8706055,520
229.8677368,520
239.8648682,520
249.8619995,520
259.8591003,520
269.8562317,520
279.853363,520
289.8504639,520
299.8475952,520
309.8447266,520
319.8418579,520
329.8389893,520
339.8361206,520
349.833252,520
359.8303833,520
369.8274536,520
379.824585,520
389.8217163,520
399.8188477,520
409.815979,520
419.8131104,520
429.8102417,520
439.807373,520
449.8045044,520
459.8016357,520
469.7987061,520
479.7958374,520
489.7929688,520
499.7901001,520
509.7872314,520
519.7843628,520
529.7814941,520
539.7786255,520
549.7757568,520
559.7728271,520
569.7699585,520
579.7670898,520
589.7642212,520
599.7613525,520
609.7584839,520
619.7556152,520
629.7527466,520
639.7498779,520
649.7469482,520
659.7440796,520
669.7412109,520
679.7383423,520
689.7354736,520
699.732605,520
709.7297363,520
719.7268677,520
729.723999,520
739.7210693,520
749.7182007,520
759.715332,520
769.7124634,520
779.7095947,520
789.7067261,520
799.7038574,520
809.7009277,520
819.6981201,520
820,510.3048096
820,500.3076172
820,490.3105469
820,480.3133545
820,470.3162842
820,460.3192139
820,450.3220215
820,440.3249512
820,430.3277588
820,420.3306885
820,410.3334961
820,400.3364258
820,390.3392334
820,380.3421631
820,370.3450928
820,360.3479004
820,350.3508301
820,340.3536377
820,330.3565674
820,320.359375
820,310.3623047
820,300.3651123
820,290.368042
820,280.3708496
820,270.3737793
820,260.376709
820,250.3795166
820,240.3824463
820,230.3852539
820,220.3881836
820,210.3909912
820,200.3939209
820,190.3967285
820,180.3996582
820,170.4025879
820,160.4053955
820,150.4083252
820,140.4111328
820,130.4140625
820,120.4168701
820,110.4197998
820,100.4226074
820,90.42553711
820,80.4284668
820,70.43127441
820,60.4342041
820,50.43701172
820,40.43994141
820,30.44274902
820,20.44567871
810.4484863,20.00003413
800.451416,20.00003326
790.4543457,20.00003239
780.4571533,20.00003151
770.460083,20.00003064
760.4628906,20.00002976
750.4658203,20.00002889
740.4686279,20.00002802
730.4715576,20.00002714
720.4743652,20.00002627
710.4772949,20.00002539
700.4802246,20.00002452
690.4830322,20.00002365
680.4859619,20.00002277
670.4887695,20.0000219
660.4916992,20.00002102
650.4945068,20.00002015
640.4974365,20.00001928
630.5002441,20.0000184
620.5031738,20.00001753
610.5061035,20.00001665
600.5089111,20.00001578
590.5118408,20.00001491
580.5146484,20.00001403
570.5175781,20.00001316
560.5203857,20.00001228
550.5233154,20.00001141
540.526123,20.00001054
530.5290527,20.00000966
520.5319824,20.00000879
510.53479,20.00000791
500.5377197,20.00000704
490.5405273,20.00000617
480.543457,20.00000529
470.5462646,20.00000442
460.5491943,20.00000354
450.552002,20.00000267
440.5549316,20.0000018
430.5578613,20.00000092
420.5606689,20.00000005
410.5635986,20.00003414
400.5664063,20.00003327
390.5693359,20.0000324
380.5721436,20.00003152
370.5750732,20.00003065
360.5778809,20.00002977
350.5808105,20.0000289
340.5837402,20.00002803
330.5865479,20.00002715
320.5893555,20.00002628
310.5922852,20.0000254
300.5952148,20.00002453
290.5981445,20.00002366
280.6008301,20.00002278
270.6037598,20.00002191
260.6066895,20.00002103
250.6096191,20.00002016
240.6125488,20.00001929
230.6152344,20.00001841
220.6181641,20.00001754
210.6210938,20.00001666
200.6240234,20.00001579
190.626709,20.00001492
180.6296387,20.00001404
170.6325684,20.00001317
160.635498,20.00001229
150.6384277,20.00001142
140.6411133,20.00001055
130.644043,20.00000967
120.6469727,20.0000088
110.6499023,20.00000792
100.6525879,20.00000705
90.65551758,20.00000618
80.65844727,20.0000053
70.66137695,20.00000443
60.66430664,20.00000355
50.66699219,20.00000268
40.66992188,20.00000181
30.67285156,20.00000093
20.67578125,20.00000006
20.00001052,29.3215332
20.00001008,39.31860352
20.00000965,49.31567383
20.00000921,59.31274414
20.00000877,69.30981445
20.00000834,79.30712891
20.0000079,89.30419922
20.00000746,99.30126953
20.00000702,109.2983398
20.00000659,119.2956543
20.00000615,129.2927246
20.00000571,139.2897949
20.00000528,149.2868652
20.00000484,159.2839355
20.0000044,169.28125
20.00000397,179.2783203
20.00000353,189.2753906
20.00000309,199.2724609
20.00000265,209.2697754
20.00000222,219.2668457
20.00000178,229.263916
20.00000134,239.2609863
20.00000091,249.2583008
20.00000047,259.2553711
20.00000003,269.2524414
511.6183777,149.3391571
521.0895996,152.4997406
528.7306519,158.664978
528.5529175,168.3817749
524.0687561,177.2904053
518.0395813,185.2537384
510.9385376,192.2771301
502.5547485,197.6448059
495.5559692,194.0273895
499.7090759,186.1650085
501.8070679,187.2629547
503.6824646,177.4509125
504.0910034,167.4730682
502.5996399,157.6110382
497.7055969,149.0401154
502.026886,147.1271439
367.1212158,148.3943634
358.132782,152.3276672
348.3540955,154.4017181
341.9627991,151.7818756
351.4232788,148.6924133
360.7958984,145.4748154
506.0479126,156.6312714
507.711853,166.473999
507.8701782,176.4630585
506.7654419,186.3917084
512.252655,184.353775
518.7145996,176.7442932
523.5314636,168.012146
522.3918762,159.0449066
513.2641907,155.0342255
504.6992188,152.7885437
415.3491821,162.6234436
415.4299316,172.6168213
414.8707886,182.5973663
419.8123779,188.9620209
423.9243164,197.9641266
417.7668457,196.1984558
413.1930847,196.2406921
409.5440369,205.4213562
400.0949097,205.4129486
394.0019531,198.0667267
395.7118225,188.4943085
404.4294739,188.4723206
399.0284119,191.6574707
400.8426208,200.4965668
406.6954346,194.1226349
410.6099243,185.1094513
411.4088745,175.1479492
411.4844666,165.1530914
410.6192627,155.2011414
358.0977173,159.4973907
359.4804993,169.3712616
359.265686,179.3614044
358.1725159,189.2962341
356.5180359,199.1547699
355.6375732,209.1050262
354.8382568,218.8175812
349.755249,212.8994904
350.9084167,202.9762726
352.665863,193.1346893
354.3240967,183.2770844
355.2132874,173.3253326
354.5796509,163.361618
355.5630493,155.3008575
224.69104,165.6107788
224.4408722,175.6018372
223.6327515,185.5655975
222.8960724,195.5351868
222.3608093,205.518158
221.4049683,215.464386
217.0157471,224.1539001
213.7580566,218.2442474
216.4581604,208.6779785
217.8527374,198.778595
216.1308594,193.4696045
206.4046326,195.4762115
203.1694336,203.5905762
201.353241,213.4155426
197.253418,222.4028015
193.4851227,216.6878204
196.6954498,207.2385254
198.7619019,197.4596863
200.2242432,187.5709839
201.1414642,177.6175232
201.3097076,167.6262665
201.5989227,158.0165405
205.3944244,166.119278
205.5900421,176.1074371
204.9387665,186.0825958
209.7786407,189.915863
217.9310913,186.8653412
219.9932709,178.9434814
220.563385,168.9638062
220.2235413,158.9854126
471.3910217,174.0065765
466.8347778,182.6494751
466.8715515,174.1877136
535.4803467,174.5620422
540.9608154,181.9057922
532.50354,178.238266
533.4953003,187.1162872
541.942749,190.4932709
533.6483765,192.5740509
527.9252625,187.2049713
528.2932739,177.2370911
548.8300171,178.7541046
555.0297241,184.165863
560.0518188,192.6272736
562.1322632,202.3930664
562.9364624,212.3529053
560.1193237,221.4154205
550.6032104,219.226944
541.4628906,215.1938324
534.0712891,208.662796
539.8151855,208.0198822
548.4060669,213.1096649
557.5625,215.8536072
558.0765381,205.9433136
556.5279541,196.0788727
551.5679321,188.2150116
545.387085,182.586853
441.0720215,184.1743317
447.367981,186.7481079
448.3744812,192.3179016
444.478363,200.6851501
436.8939514,204.6716156
427.7575989,202.5693359
424.5625305,193.2240448
427.0330811,183.9015045
433.460144,189.0425568
429.2475586,197.0864716
436.6567383,196.842392
438.7494202,188.1552887
460.5809937,184.1918488
463.3331604,192.988266
458.9595032,198.4140778
454.0352783,193.6197357
455.4430542,187.8290863
372.3253784,186.522644
373.6075745,196.1226349
369.7810669,201.8781281
377.6098328,203.1529846
369.861084,207.1850739
363.2944641,200.1289215
363.8390503,190.3450317
371.4136963,185.895752
301.0395508,195.7240143
302.1540527,198.7857819
304.6792297,189.1944733
311.2960205,193.3577271
313.0911255,203.171936
313.7450562,213.1433411
313.125,223.1094666
309.9362793,232.5099945
301.5643311,236.9824219
294.539093,230.7313538
292.2538757,221.3197632
298.7561951,226.4882813
305.5224304,228.3590851
307.8961182,218.6978149
308.2451477,208.7147064
306.6147766,205.0297394
299.5769958,210.3880615
295.6897278,201.69841
293.9693909,192.6631165
296.0890503,187.8118134
268.628418,195.2091217
266.8542328,204.8965607
260.6425018,212.6488037
260.3076935,222.5158844
259.865921,232.5014496
258.6235046,242.4155884
253.7423553,250.7238007
247.1055603,246.3970032
251.7099457,243.0319061
254.4098511,236.4000702
255.6010284,226.4797363
256.0058136,216.4914856
255.563797,207.394455
254.567688,197.4576874
256.3278503,189.233078
385.5864868,190.3464355
383.1694946,193.5402679
385.9060974,198.7750092
393.1700134,203.4621735
384.0464172,205.1657867
378.5015869,197.8729248
378.986145,188.3828735
429.247406,188.4980316
287.2998962,196.949234
285.3888855,206.6028748
279.9970703,213.8731689
279.8299255,223.8688049
279.0309753,233.8301697
276.295105,243.378891
268.7227325,243.6031036
273.6401367,235.5652161
275.1374817,225.6892853
275.6753387,215.7086182
275.5809937,205.7134399
274.8530273,195.7451019
278.9906311,188.4802399
241.1099396,191.8557587
243.9425354,198.8526306
246.127533,207.1044922
248.0680847,213.3564606
240.76651,208.680954
237.1768646,211.9907227
230.4697418,211.7701569
229.3731079,201.8575592
230.5999298,191.9967651
367.2362366,193.3885498
258.1307526,194.638031
259.6905823,204.4984283
263.6908722,197.4624634
278.5566406,195.7064972
281.1009827,202.7618103
280.8578186,193.4324036
233.7012024,201.7019501
238.9169312,198.341217
509.449646,266.7929382
511.4497375,276.5088196
511.8051453,286.4981384
511.8295898,296.4953918
513.6119385,302.6150208
515.9256287,307.6043396
510.608429,315.9801025
506.7527161,309.4458923
507.7634888,299.5039978
507.9245605,289.5098572
507.489563,279.5238037
505.9685364,269.6647949
545.2550049,271.9117432
544.3152466,281.8477783
542.4736328,291.6734009
537.9697266,292.5824585
539.8224487,282.7603149
541.3040161,272.8812714
412.9402161,272.7560577
403.9523621,274.8796692
402.8380737,281.8427124
408.9132996,285.1850891
415.5486755,287.45047
406.2124634,290.7481689
403.9900513,299.2629089
403.0756531,309.2177124
402.0331421,319.1594543
398.7263794,328.3381042
395.7715454,321.2879333
397.9686584,311.5368652
399.4205627,301.6495056
399.7458191,291.6650696
398.5185852,281.7567139
395.7000122,272.1711273
404.384491,270.3659973
304.787323,281.0862427
306.1799011,290.9828186
307.0632629,300.9404907
308.0473022,310.8865662
310.7473145,320.4687805
306.1984253,325.2623291
303.1827087,315.8751221
302.2758179,305.9218445
301.6764221,295.9425049
299.8888855,291.605957
297.7285767,301.3427124
297.6018982,311.3356018
297.1277161,321.3070374
291.7676086,328.4826355
287.7680054,320.2077026
287.3428345,310.2201538
286.9227295,300.2333984
284.8755798,290.4741211
282.715332,299.9318237
280.3902893,309.6547546
278.3267517,319.4356689
276.1889648,329.1976013
270.0597382,331.8988953
272.4053192,322.2061462
275.1948547,312.605896
277.7600403,302.9441223
280.0516663,293.2130127
282.2254333,283.4573364
288.0272522,287.3053284
290.9466553,296.8448486
292.2979431,303.5880432
294.0327454,293.7518005
296.9393311,284.1919861
303.2230225,278.4938049
234.5333557,287.9883728
238.8791504,296.7492065
235.6296692,305.9975891
231.8331757,313.4893799
237.91745,317.4568481
242.4277191,308.5574646
245.3745422,299.0089722
249.8006744,295.3088379
247.7952271,305.0979309
244.7507019,314.6082458
239.9295349,323.3482666
245.2680969,331.5602722
250.0570374,340.2912598
245.7812958,343.3607788
240.9592133,334.6063232
235.2279816,329.5254211
228.0990448,336.4718628
218.9097443,340.2058716
209.0877075,339.2093811
201.563385,332.8760681
198.5495453,323.468811
203.6260986,315.4139404
213.0480957,312.2200012
222.0684204,309.4819031
215.3931885,302.0748901
213.6774445,292.4880676
218.2894745,283.8175659
222.1017609,286.6515503
217.9601288,295.3106079
222.6235504,303.7958679
230.0068665,304.3224487
232.9443512,295.1786804
226.8705597,287.4599304
458.7148132,290.7035217
457.6600952,286.3084106
446.9326172,297.177124
453.9632874,296.3615112
446.9624329,303.0336609
449.4422302,311.4017944
453.9936829,306.026947
453.7284241,314.6794739
444.8559875,315.2819519
443.2849731,305.609436
435.5600281,304.8953247
442.8271484,298.7650757
443.2903748,288.8955078
484.7132874,299.9002075
480.5531006,308.9889832
474.4491272,314.8896484
470.9765625,305.6098633
466.060791,296.9664612
473.1802979,300.6199036
478.115387,301.7612915
483.0733643,293.1160889
499.4979248,300.5551758
492.6691284,302.7954102
499.2976074,304.7938843
502.6627502,309.5131836
493.2519226,312.3993835
488.3616333,306.2585754
489.2237244,296.4099121
461.2310791,300.2426147
462.1979675,310.1777039
457.3805847,315.9691467
457.5450134,306.2032776
458.2270813,296.6064453
421.8104858,305.595459
416.3190002,312.3648071
417.6265869,314.1059875
419.9711304,318.5615234
411.3140564,317.244812
409.4303894,307.6052246
412.9758301,298.427002
431.2922058,300.7238464
435.2834473,309.5194702
431.8380127,315.7519226
422.9826965,317.1200562
429.8155212,310.881134
427.1810913,301.5280762
366.9416199,300.6542358
366.9594421,310.5949402
368.9077454,317.3937073
372.7049255,320.3146057
365.4505005,325.9187927
362.2929688,316.8074036
362.5505981,306.8209534
358.5999146,311.9092407
356.3894958,321.6314697
351.1068726,319.2639465
353.8356323,309.6746216
355.537262,300.3930359
362.3504333,298.3132935
349.3221436,307.7059937
346.4988403,317.2340393
339.5296631,323.2229004
334.1031799,315.1647034
331.3539124,306.2632141
339.7167664,301.2958679
414.0679626,306.4343262
415.6274109,302.0090027
328.5192871,310.1362
328.5616455,320.1173096
325.265686,329.1244812
318.197998,323.527832
314.1812439,314.3838806
316.2466125,305.8421631
339.1158447,306.9078674
338.9038086,314.9032593
343.145813,310.9240112
319.9281616,309.7348938
320.7277832,318.9190979
323.7063904,315.3361816
537.8143921,308.4622498
535.1726074,314.4727478
222.2515717,315.1287537
212.4553375,317.0953674
203.4945831,321.0252075
205.0380554,330.3774414
213.4017334,335.4017944
223.1380005,334.0128784
230.6487885,327.5433655
230.5646667,319.2130737
360.9299927,146.447998
351.6445007,150.0032196
346.9061584,152.9359436
356.776947,151.465683
366.0277405,148.2837677
503.9249573,148.6541901
512.3468628,153.4951019
521.6030579,157.1827698
525.4566956,165.5328674
521.9449158,174.8061981
515.7866821,182.6333313
508.2666016,189.1812592
503.1472473,188.7433014
497.7044678,195.8709106
506.7362061,194.1027069
514.1868286,187.4876862
520.4987183,179.7647705
525.9530945,171.4091797
528.4655151,161.861084
522.4651794,154.6142273
513.1152649,151.1351776
504.6523743,146.3536911
355.5182495,187.2499237
353.3379517,196.9901123
351.420929,206.7843933
351.2084656,216.6568604
354.704834,210.749176
355.0183716,200.7804718
356.3985901,190.8955536
548.1415405,185.3686981
550.1213989,184.5891418
370.5298767,194.6871185
372.2865601,193.3068542
212.1993561,189.8686218
203.1752014,191.0923004
199.6866302,199.5461731
196.9005432,209.1300659
193.8122253,218.6087952
199.3206635,217.5036316
201.7388611,207.8436737
202.3339996,197.8907166
209.113205,194.0936432
217.6976166,190.0698547
409.3680725,191.9235229
404.1466064,200.4110413
398.5169373,202.5067902
407.9356079,204.720871
411.7403259,196.0088959
418.0702209,193.725296
421.28125,194.3787537
414.4220276,188.4902954
533.9680786,191.273819
536.2651978,188.1395264
295.3668823,191.8398438
296.5760193,201.4238434
300.8775024,209.7384186
306.4249878,202.3806915
309.0632019,203.9555969
309.2643127,213.9267731
307.8143311,223.7873993
302.5645752,231.349823
295.9161987,224.1589203
295.2706299,230.4373474
302.6085815,236.1443634
310.3024597,230.4909515
312.5010071,220.8309174
312.6200562,210.8553925
311.7548218,200.9159088
309.2368469,191.3051605
303.7770996,194.7023773
300.6291809,203.7861023
300.1965027,193.95961
444.8494873,190.2096558
438.209198,197.0554657
429.9447327,200.8086243
437.4380188,203.2489319
439.6096497,198.4612885
446.6743774,192.1368256
260.7255707,191.7443542
264.3249359,199.8218842
258.3733063,207.3677521
259.4141693,212.5325623
265.6146851,204.7820282
267.4417572,195.1617432
260.2432556,189.6779938
240.1045227,196.5259399
240.3446655,192.6378632
427.2078857,194.3226166
283.4714355,197.197403
279.2920532,205.7922363
282.1445923,208.6154022
286.2131958,199.7798462
460.0448608,193.2136688
460.7349854,197.1808319
364.4407654,197.0980225
219.5119171,198.3898163
217.3869476,208.1393585
214.7808228,217.7459412
218.3334808,221.6333618
221.120575,212.1777496
221.2376556,202.2015533
236.225235,202.6290436
231.3903351,210.1109619
236.8906097,209.9071198
240.9957886,206.2686005
247.1377106,212.4240112
243.9764709,204.2766876
365.8496704,201.5326538
373.808136,205.900177
369.1891479,202.8942108
382.2802429,202.7008667
390.2131653,201.1056976
539.3869629,212.2811127
548.2722778,216.7701111
557.5379028,220.3677673
561.5931396,212.9868164
558.4710693,216.0647736
549.3500977,214.9600983
540.505188,210.3722076
256.3506317,233.451767
253.4030914,242.9779816
249.3228912,249.3727417
256.9029541,245.7964935
258.2202911,235.9515839
276.4244385,229.8771057
273.2671661,239.3384094
274.8710022,243.4885712
277.6022339,234.1909332
409.491394,272.5867462
297.5428162,285.8277283
294.9902954,295.4715576
293.4064636,305.3220825
291.7665405,313.8721313
290.1053467,304.0307007
288.6303406,309.480957
288.5273743,319.4578247
292.6513367,327.3071289
296.7425232,318.8770752
296.6325378,308.9058228
296.8490295,298.941864
299.3446655,289.2903442
302.5553589,291.4873047
303.1939697,301.4469604
303.6222229,311.4186707
305.0020752,321.2832031
310.1872864,321.0803833
307.197998,311.5813599
305.9251709,301.6846619
304.9834595,291.7480164
303.5308533,281.8823853
226.0101471,284.9284058
232.5311279,292.3130493
232.7645874,301.8950195
225.6749268,308.3733215
216.9349365,312.8559875
209.2245483,315.6737976
219.1291199,314.5729675
228.7507782,312.2408142
235.3300018,304.8005371
237.7436371,295.3530884
232.2073212,287.2574463
223.2124023,283.5821228
410.2306213,286.6309509
481.559845,297.4589233
476.9541626,306.3114014
476.058136,313.9092407
480.8265991,305.5679321
484.5100098,296.3563232
492.699646,299.0661011
443.1789551,300.4055786
449.5346985,300.0281067
418.7046204,303.1603699
419.0646973,308.782959
417.375061,299.9664307
355.7592468,308.1878357
352.6400146,317.6462402
355.8658142,318.5982971
358.3356934,308.9301453
363.9494934,304.6474915
363.7493896,314.597229
365.2605286,324.2786255
371.3576965,318.8267517
365.3658142,315.016449
365.7932129,305.079834
361.0640869,301.201416
332.2804871,308.7328491
339.7129517,305.7001343
344.0254211,311.9379578
337.6671753,316.4325562
342.4425659,321.411438
347.2771912,312.7841797
346.2064819,303.5378113
319.3905334,304.7608032
314.8158264,313.0539856
320.063446,308.1230469
324.7865906,313.1015625
323.7605896,322.9780579
321.9532471,327.2091064
327.2305908,321.8711548
327.4619751,311.8938293
323.4591675,303.6272278
508.1671753,308.7954712
511.3803406,313.8169861
514.8902283,304.7107849
398.2644653,314.8649902
395.8527832,324.5456238
400.6665344,322.5098572
401.6582642,312.5811462
492.7862549,307.5171204
494.7416992,310.3534546
500.8075256,306.2384033
430.6811829,311.5420837
428.6334229,315.5533142
434.3972473,310.4589844
450.0001526,311.7898865
447.4268494,315.4393311
454.6190491,310.3927307
458.6638184,313.6463623
239.0672913,318.4318542
233.5844574,325.9490051
226.88414,333.2671509
217.684021,336.846344
209.6314545,337.0950317
219.2472992,338.89328
228.1851654,334.6937256
235.1056213,327.531189
241.3236542,333.1285095
246.3266144,341.7610779
247.0033875,336.0562134
240.9281769,328.1598816
240.5647583,319.4350586
414.1277771,317.9356079
416.7150879,315.6759033
272.9186707,323.7967224
273.6789856,331.6612244
276.6757507,322.3706665
364.3340149,144.5739975
366.9415588,147.1935959
502.9909668,148.7938843
511.102417,153.9879761
520.4381104,157.5154572
524.7528076,165.5875549
520.6113586,174.6303406
514.4378357,182.4844513
507.1935425,189.3391113
507.045105,181.2657623
507.2445374,171.2777252
506.1293335,161.3512115
502.8086853,151.9950104
503.7775574,158.6378326
504.7254944,168.578537
504.2095337,178.5544128
501.9736938,188.2749786
498.4072571,187.6147919
496.8434448,196.8756256
496.6837463,195.15065
501.2896118,191.0269012
504.469696,181.5610809
505.8687439,183.0387115
507.9572449,188.8617554
515.3822632,182.1900787
521.403656,174.2306366
525.0769653,164.9998627
520.4545593,157.193161
511.1354065,153.6181641
503.3807678,148.1997681
508.8247681,149.2843628
518.3610229,152.2743835
526.9289856,157.2566986
528.4125977,166.6680603
524.1534119,175.6765594
518.2771301,183.7552643
511.3893433,190.9900665
503.1627502,196.5800629
509.3753662,193.1270599
516.5967712,186.2272644
522.8434143,178.4304504
527.7192078,169.7261505
528.9543457,159.9842377
521.9396667,153.4172211
512.5429688,150.0101471
504.9002075,144.4877396
350.47229,149.31604
342.6828308,153.6436615
352.1322937,153.1184387
361.9354248,151.1738739
353.5744019,152.482605
343.8129883,153.8521576
351.4492798,149.4030914
353.6294556,148.4818878
412.1922302,172.2376556
411.5704651,182.2132111
410.7415771,189.0119781
415.0188904,187.8996429
421.7614136,194.1913452
417.4093933,188.0014801
414.3818665,180.4989166
414.9138794,170.5179749
414.2434998,160.5575714
412.0985413,158.8691864
355.1243896,162.7008057
355.6717224,172.6732941
354.9077454,182.6362915
353.2228394,192.4887085
351.3761292,202.3140106
351.8074951,201.7674561
353.7235718,191.9553986
355.394104,182.1001129
356.3351135,172.150589
355.7773438,162.1945343
358.1831055,168.8856201
358.2597351,178.87883
357.4406738,188.8388977
355.8291321,198.7048645
355.0816956,208.6668243
355.8665466,201.0450745
357.4760742,191.1785583
358.7320862,181.2657013
358.9257202,171.2748871
357.7345886,161.3655548
221.1781006,161.5306702
221.0023499,171.5216522
220.2618866,181.4911041
219.2285767,191.4346771
217.9076233,201.3442078
219.2588196,195.206131
220.5690613,185.2957153
221.5341797,175.3454132
222.213562,165.3712463
223.31073,169.0233002
222.9359283,179.0121307
222.2225647,188.9838562
221.941803,198.9751129
222.5187988,193.1085205
223.2433777,183.1377716
224.0457306,173.1730347
224.0881805,163.1869354
201.6266632,163.324585
201.8331299,173.3098755
201.1960907,183.2857056
200.0464478,193.2155151
198.8951721,201.6487274
200.6514893,191.8155365
201.8075714,181.8856812
202.5900421,171.9198761
203.8982849,165.8690948
204.5131378,175.8242035
203.9173279,185.8036957
208.6729126,190.9678345
204.2787323,187.6508026
205.0272522,177.6832581
204.9627686,167.6907806
468.7149963,170.4789276
466.0034485,180.0837555
470.723877,173.9692841
468.996521,176.3658752
469.9627075,171.7380066
528.0695496,183.3175812
530.6816406,192.4610748
529.2053528,189.9614105
528.8062439,179.9981232
534.9876709,175.5859985
536.2523804,179.467926
531.0319519,182.3828583
536.3499756,187.742218
538.3002319,192.2826385
536.43396,187.4142303
531.5545349,181.772583
537.2164917,180.8874664
536.3984375,175.6798096
545.8267212,181.9536133
551.9304199,187.7955475
557.0349731,195.824646
558.4817505,205.7016296
558.0772705,215.6537628
549.1271973,213.8941193
540.4121704,209.0191956
535.1953735,209.6896667
543.1592407,215.5851746
552.3324585,219.5535583
561.317688,219.6919098
562.348999,209.8688202
561.2798462,199.935379
558.6235352,190.3180542
551.9391479,183.7189789
557.3217773,188.6854248
560.3777466,198.1647797
561.7444458,208.0643463
561.8751221,218.0020905
553.3959961,219.6683197
544.2120972,215.7214813
536.0784912,210.0651703
541.4865112,210.412796
550.4570923,214.7874603
558.6213379,214.513031
559.0072021,204.5545654
557.2394409,194.7298431
551.6749268,187.3427582
546.4645386,180.7770538
548.9663696,181.181778
439.8100891,189.4209595
436.2122803,198.0555573
428.6394348,196.82341
432.669342,188.7324219
426.1821594,186.3486328
425.7518921,196.0795746
430.7222595,204.2836456
440.6262817,204.3955841
444.2658997,195.9484863
439.9385071,203.9178772
430.1321106,203.4528046
429.3421021,199.0730286
437.4760437,197.112915
440.6266174,188.185791
448.3528137,187.6774292
445.3407593,194.3902588
448.7663879,187.0092468
441.5852661,186.5389099
456.7153625,189.5681305
453.8529663,195.6787872
462.7568665,197.4849701
459.8706055,188.8809357
428.0328064,185.814621
363.4864502,193.0111542
365.0797729,202.6804047
373.3183594,207.0461273
373.768219,201.9612732
369.8779907,199.2593689
373.2444153,191.2840881
458.518158,187.5525665
463.2564697,196.1499023
454.4927368,195.4859009
457.342804,189.1017609
215.0674591,187.4695587
216.9076843,192.5203552
371.9309082,187.9113617
372.1270447,197.5692139
369.3300781,202.3025055
375.6393738,205.2585144
366.8358154,204.2757874
363.8842163,195.0345001
368.5097046,186.7067871
394.1521301,193.3562622
397.0301514,202.6575317
402.7883606,205.0434418
395.4317322,199.21492
396.349762,189.6129303
401.5507202,190.1356049
397.3064575,197.2537384
401.5929565,201.1997681
397.8609619,192.9538574
403.5402832,188.4133453
429.315979,191.3396606
431.5621033,192.1046448
425.4732971,191.582077
431.2525635,187.9343109
293.1855469,189.8146057
256.5424042,190.1581879
255.433136,199.2544556
256.5510864,207.8076477
256.756897,197.8419189
259.0578918,206.6450806
259.1443481,203.4414673
257.5147552,193.6036377
262.7183685,192.9619293
261.4503174,188.9758453
267.884491,195.4612732
265.9843292,205.1197052
262.2063141,210.7432404
267.4662781,202.3250122
267.3563232,192.5889435
297.6959839,188.8686981
300.9153442,192.2054596
303.7357788,191.4868011
310.046051,192.2144928
312.3797302,201.9055634
312.6482239,202.1717072
310.5508118,192.4368439
275.3733978,191.2370453
276.1628113,201.1702728
276.1954346,211.1663666
275.8040924,221.1552734
274.8770752,231.1067352
275.3924103,230.8920135
276.6132202,220.977356
276.8765259,210.9845276
277.6092834,201.9328156
279.0785522,203.591507
277.3439331,193.8404846
281.8835449,193.1543732
277.8946228,189.9218445
285.9964905,194.1177673
285.6869507,203.875412
287.134613,196.3223572
280.9673462,189.1974792
378.7370605,195.8813324
382.907135,204.5166931
380.9333191,201.8098602
381.293335,197.0129547
389.3561401,199.8544922
388.1398621,203.5610504
388.8530579,199.3494415
381.7393799,195.7809753
386.6604004,192.0871735
231.7739868,191.0913544
229.9602661,200.8690338
230.5193176,210.8232117
237.2449036,211.3573303
231.0237732,211.6294708
230.6705627,201.6523285
231.9476166,191.8359833
240.6820526,192.4606934
241.0722961,197.6061707
236.893158,194.8500061
244.8906097,196.4825897
237.8338013,190.3334808
366.6908875,194.7138672
368.7858887,189.6855011
369.6140747,193.4176636
368.8424377,189.9463348
407.8030701,193.6606598
256.5201874,191.2625732
417.0858459,193.2530365
422.9097595,198.8346405
419.7468567,198.1852112
296.1042175,194.2769928
232.3734589,199.779541
235.5229187,202.9802094
242.922699,201.194809
243.7931061,202.0794067
236.3078308,200.9656525
233.0267334,199.5550842
412.3267822,196.3223267
408.4882202,205.2284393
410.4154358,203.6711578
412.8825073,194.1081543
202.9003906,200.1627502
204.1553345,195.2695007
209.6195068,194.5025024
264.0972137,196.5482178
283.2673645,197.1561127
439.8471985,200.691803
308.4436646,205.4508057
308.8591309,215.439209
308.8752441,206.8974152
262.3262634,203.0957031
296.066803,202.5529633
238.9668274,205.6198273
221.9348602,208.888382
281.5552063,209.4588928
278.6954041,217.8910217
278.4527588,227.8852997
278.1282654,237.6061401
278.9377747,227.6507111
279.4170532,217.6646729
282.4000549,209.371109
298.700531,209.4027405
303.5999146,209.1437073
313.1414795,215.0267639
313.2670288,211.6615448
350.4372864,209.6901855
244.6230316,212.7387848
244.7653961,213.1283112
248.0310516,209.3264771
256.4393005,219.9431305
255.7448883,229.9122467
254.0444946,239.7578278
256.0965271,230.5222321
256.8934784,220.5589447
255.6634216,210.7832794
350.2540894,214.4563904
259.487381,215.528595
259.1802979,225.5211792
258.9250336,235.5151062
259.3352966,233.5307159
259.8325653,223.5461121
260.0080719,213.5519562
351.0475464,217.6817474
308.5588074,217.0649261
197.363739,221.8089294
217.8434296,222.563385
214.3554382,223.7161407
292.3817749,223.5457764
293.0983276,224.7693939
297.9360352,225.77388
312.7566223,222.5836639
295.0493469,231.613205
297.4211731,234.5563202
309.3131409,233.1099548
304.8070679,236.105011
277.2700806,240.3175507
270.2638855,244.0669556
272.3015289,245.6117249
277.6981506,238.8000183
248.5207977,249.6395264
256.8191681,247.4235687
248.9168854,249.6824036
251.2694855,244.7999878
507.0372314,271.476532
508.3583374,281.3741455
508.6095886,291.3659973
508.1582031,301.3510437
507.2698669,310.537323
509.0614014,300.7024231
510.500885,302.506073
515.9844055,303.6296997
512.4461975,312.6291504
506.7537842,311.2335815
512.250061,313.3761292
516.8587036,304.5306396
511.374939,303.7483215
511.4484253,293.7521667
511.3677368,283.756134
510.6246948,273.7906494
509.0474243,270.1638489
510.4007568,280.0407104
510.3407593,290.032135
509.2810669,281.8866272
507.9017334,271.9920654
541.7443237,274.6125793
540.0706787,284.4652405
538.8688965,294.152771
542.7546387,287.0232849
544.2516479,277.1427917
404.2463989,271.0092621
397.213562,273.9822083
399.603363,283.6565247
400.585144,293.5986328
399.6314697,303.5352478
397.8700256,313.3759155
399.7133789,305.7797546
401.3164368,295.9164124
400.7339172,285.9849854
404.8789978,287.5679932
414.1348572,285.9692078
405.8838806,289.7906799
402.7810059,298.228241
402.5124207,308.2219543
403.184906,302.5768738
403.7316284,292.5967102
412.0433655,288.6958923
410.4837036,285.1958618
402.6095581,284.1102295
400.0640564,274.7121124
409.9998169,274.0585175
406.0165405,270.6236267
404.5336609,273.6443634
399.10849,271.8703308
408.9868469,270.706543
541.8719482,288.7702026
539.6101074,289.5307007
541.890564,279.7971802
299.5921936,279.7050476
295.7475281,288.8973999
293.3967285,298.6078796
292.8603516,305.1081543
294.4368286,295.2464905
297.1703186,285.6343994
302.946167,279.4451904
305.2039185,289.0891724
306.1891785,299.0375366
306.847168,304.6714783
306.1723938,294.6982727
305.0005188,284.7712097
222.3564606,282.1470642
215.3323669,288.7793579
214.4760132,298.5629578
220.0045013,306.7027893
217.0390167,311.8033752
207.3342896,314.1629333
199.8680878,320.33078
200.7088013,330.0682068
207.0256653,337.6036072
216.5875244,339.9648743
226.0942688,337.1734009
233.6905365,330.7621765
240.0138702,332.2322388
240.1176147,331.8283081
233.6181335,330.2398071
226.0830078,336.7238159
216.5964661,339.5649719
207.1154175,336.9857788
201.347168,329.043457
201.2431946,319.2875061
209.4122772,313.9915771
219.1400452,311.6939697
219.4059753,305.3618469
214.6102753,296.8274231
216.7667084,287.2754822
224.9105682,282.3730774
233.2791748,287.5793762
237.098877,291.9468384
230.4310913,284.5733337
282.5396118,284.9046326
280.4144897,294.6681519
277.9631348,304.3605652
275.2888794,313.9928284
274.1074524,318.8890686
277.5273438,309.4968262
280.1748657,299.860199
281.4798584,298.709259
279.0465393,308.4037781
277.6647339,318.3028564
278.7501526,314.4607849
280.9484253,304.7090759
283.0957947,294.9468384
286.0274353,291.9546814
287.4288025,301.8345032
287.7588196,311.826355
287.8815308,313.8460999
287.8344116,303.8486633
287.0373535,293.9059753
288.5588989,292.0102539
290.7281189,301.7546997
292.0133667,311.6672974
291.8484802,307.4665527
290.583313,297.5531921
287.6410522,288.0350647
285.3063354,286.3858643
220.3899841,286.8235168
217.0366516,295.9328918
221.7644043,304.4182434
229.6138916,305.5471191
228.321991,306.3589478
220.7429657,302.4974976
217.5789642,293.4359741
223.1861115,285.8120117
231.0354309,291.1515503
226.782547,286.2083435
458.3407593,290.2236633
299.1538391,291.1750183
297.0675354,300.94104
298.6639404,294.2700806
301.582428,290.8996582
302.3311157,300.8635254
302.3724365,295.2053833
457.7134399,289.4790344
479.5941467,299.4819946
479.6152344,300.1244812
485.2155457,296.1427002
481.3864441,305.3483887
483.0057983,302.6511841
484.4775391,293.6220703
440.7325439,300.8000488
440.3718567,304.7883301
443.8131714,310.3320618
449.7841797,316.4061279
455.6064453,309.25177
450.8799744,308.8888855
454.8924561,312.1546021
446.5153809,315.4482727
446.7718506,310.4585266
446.1835327,306.1871033
451.9378967,299.1221313
447.5782776,297.3157043
246.1713562,299.4978638
242.7661133,308.893219
238.2496948,317.8002625
231.8824615,314.4751282
232.8211517,316.7838135
239.4519196,316.5726624
244.2171021,307.7886658
244.5421143,312.3155212
240.1754456,321.2767639
243.0240631,329.7532654
248.5183563,338.0849304
245.6697083,341.6829224
249.8650513,342.7641907
246.2763519,333.6892395
240.317215,325.6646729
243.1588593,316.8339844
246.5805359,307.4547729
248.3467102,297.6283875
488.7747803,301.5748596
489.7253723,311.4030151
496.063324,310.1826172
489.4326477,308.0136719
489.4930115,298.0185852
497.2795105,299.6807861
491.7384338,303.7092896
498.4518433,305.5063477
499.4000549,309.3974609
503.101532,306.1575012
493.5999756,306.6807251
494.8633423,301.0473633
494.4237366,296.5406494
450.8597412,299.6576233
442.0400085,303.5641174
442.0140381,300.5357056
450.9051819,296.1663208
471.112854,304.5628052
474.2762146,313.9899597
479.5671082,309.5816345
473.8353271,311.9066772
471.3043518,302.2392578
477.0639038,305.5207825
472.1839294,300.4452515
411.6239929,301.8231812
410.124115,311.6304932
415.1272888,319.4247131
420.2066956,314.160614
420.1155701,317.2299194
411.8803406,316.3300781
412.6298218,312.6171875
413.0731506,311.7191467
420.1321716,309.8905029
420.1866455,300.2709656
457.8968201,301.1481323
457.969574,311.1426086
458.4859924,302.4909363
460.9016113,305.6072388
459.706665,315.0011292
460.6951599,315.1116638
461.360321,305.3242798
419.0253296,299.5643921
420.0809631,309.035614
417.4848938,307.5812988
413.6608887,300.565094
358.9068909,301.9915161
354.7804565,306.8916931
358.4472961,303.4741821
365.8556824,300.6035767
366.1912231,310.4892883
368.0635986,319.2032166
370.5612183,322.5702515
363.4050293,321.5533447
363.1483765,311.5769958
361.6019592,304.4148254
358.317627,311.3308105
362.7831421,305.3909302
362.8663025,315.3875427
364.9547119,324.7417603
372.2521973,320.2357178
367.3201294,319.3519287
366.6970825,309.4645386
365.9815979,299.849884
428.3037109,305.724762
426.3712158,313.0548096
428.3159485,316.6664734
427.2617798,316.6109314
429.3736267,311.8649902
429.331665,303.4976196
435.5599976,311.2244568
435.9469604,313.2948303
431.5323181,304.68396
345.3553162,302.5031128
348.760376,310.6056824
345.2210083,302.2583923
417.5194092,304.2051392
413.1809692,305.2008972
332.9117737,304.9315186
334.2360535,313.6209412
339.0145264,322.2537842
344.1856079,320.4776306
336.4901123,318.6494446
336.9675903,313.9529419
337.3366394,313.187561
331.6993103,307.6438599
336.9567566,302.3603821
230.6475067,310.6635437
237.1548309,303.1400452
315.2288208,308.1311035
315.9690552,317.5210876
320.3627319,326.4896851
327.5406799,325.3085022
327.2580872,324.9385986
320.3791199,325.8455811
318.5056763,318.3439636
321.9867249,321.7536926
318.2402649,312.8305054
320.2646484,308.3987427
315.661499,315.6758423
316.6608887,306.6197815
325.3113098,303.8259277
327.9522095,313.1513367
328.2504883,316.5246582
327.3171997,306.6180115
302.793457,307.5452271
297.1280823,309.720459
342.0555725,306.0552063
323.9633789,314.6719666
324.2058105,311.4655151
535.9156494,313.6534729
303.2768555,312.2432251
347.2791443,313.8288269
402.1148376,313.3130188
218.6986237,315.2302551
208.8437195,316.904541
201.4684296,322.8772278
204.6254425,331.9057312
213.4693451,336.179718
223.2389069,334.7664795
230.8990326,328.4659119
232.2624969,319.8576355
227.8719482,314.6190186
233.3854828,322.9427795
228.0881653,330.8751526
219.4415894,335.5737305
209.6345825,334.6774292
202.9020996,327.7025452
205.2022705,318.8184814
214.8288422,316.3106384
224.5531464,314.0217896
351.6705017,321.8717346
356.9265442,317.2571106
353.2773743,322.64505
353.0997009,313.8820496
346.0804443,316.6256409
401.9567566,316.9776001
297.0817566,318.7584229
401.1763611,320.6200867
272.853363,322.5632629
305.5444641,323.8276062
293.4120178,327.3754272
293.0596924,327.7016907
399.2618408,327.4718018
270.8807983,332.2497559
272.2678528,332.5345154
502.5039978,143.9960022
498.0726929,146.3957443
501.507019,154.5301056
503.849823,164.2176514
503.990509,174.2072906
502.5618896,184.0997772
500.5693054,189.1059265
496.0768738,190.8325348
499.4913025,198.1770477
508.499939,194.0984039
516.0219727,187.5241547
522.4214172,179.8474731
527.4983826,171.2444916
529.6122742,161.6019287
523.7970276,153.9014587
514.5565186,150.1392059
506.4698181,145.4125366
361.1358643,145.7704239
366.1044006,148.8409271
356.8323669,152.2877045
347.0244446,154.2298737
345.8984375,150.6344757
355.5496216,148.0071564
353.3881836,148.1844482
343.782959,150.9499969
346.4067993,154.8401184
356.1784668,152.701355
365.6585693,149.71875
362.8324585,144.4920883
512.3781128,149.927475
521.7514343,153.3974152
528.7516479,159.9189301
527.5169678,169.7122803
522.9170532,178.5710297
516.7180786,186.4074249
509.3293762,193.1341248
500.5535278,197.7058258
496.7256165,190.8666992
500.3597412,191.6044006
503.6353149,182.2079926
504.6966553,172.2710876
504.3232117,162.2834167
502.0484619,152.5743866
505.2998962,157.7721558
506.9960327,167.6175079
507.273468,177.6103973
506.1148071,187.5334625
512.1134338,184.9741058
518.7225037,177.4839783
523.6578369,168.8123322
524.3287354,165.2958679
520.2880554,174.4029083
514.2319336,182.3454895
506.6930542,188.8760071
507.6893005,179.2650299
507.8868103,169.2699738
506.7078552,159.3471375
506.6884766,153.0716858
516.2269897,156.0685883
524.6347046,161.1769409
516.5780334,155.8726044
507.0837097,152.7410431
503.0517883,144.8373795
411.2359009,160.3146667
411.527771,170.3106689
411.1097412,180.3034363
409.3534241,190.0942383
404.3168945,198.7148132
398.0706787,196.2831116
403.6462708,192.0721588
399.8186035,186.3640137
393.8692322,193.2978821
396.2036438,202.7305908
405.2393494,206.1549377
412.0174561,200.8644409
415.4787598,192.1429291
420.7225952,200.2187653
422.1087036,193.0720062
415.0623474,187.0486755
415.2197876,177.355835
415.5011902,167.358017
414.7559814,157.3942108
413.7303772,158.2889099
414.9068604,168.1972809
414.5645447,178.1912842
415.1363525,187.6374817
421.9429016,193.7493134
419.0791016,198.2728577
413.7291565,193.1020508
410.9748535,202.6885376
402.4296875,205.381012
394.9317322,199.5159607
395.4579773,189.8605957
403.8131409,188.7555695
397.7527771,193.3848114
402.0124512,201.3185272
407.5449524,193.4455261
411.2392578,184.3217621
412.1756592,174.367157
412.2223816,164.3655243
412.6219788,155.3291931
354.7341614,164.5721588
355.1617432,174.554718
354.177124,184.5045319
352.4381714,194.3546448
350.708313,204.206955
350.722229,206.2821198
352.4676208,196.433075
354.3192749,186.6025085
355.5470581,176.6822205
355.4323425,166.6853485
355.183136,157.0693207
358.5246887,165.8999481
358.9263,175.8895264
358.2809143,185.8677216
356.6917419,195.7427216
355.4206238,205.6604156
355.8936157,204.0224457
357.3821106,194.133316
358.9339294,184.2538452
359.449707,174.2683716
358.8618164,164.2887421
355.6607056,155.056076
220.6089478,164.4082184
220.3170624,174.4051666
219.5050507,184.3750153
213.5238953,187.5802307
204.579834,190.598938
205.3440857,180.6247711
205.6478729,170.6291656
204.5013275,160.7134399
200.9086151,163.1410522
201.2490692,173.1287231
200.697937,183.1155243
199.6083527,193.0582123
197.782547,202.8890076
199.3907013,197.4137421
200.6603699,187.4918976
201.5568848,177.5293427
201.8296204,167.5350647
203.6398315,160.7967072
205.1063385,170.6312103
204.8780212,180.628891
204.2646027,190.5860291
213.4248047,188.2913208
217.5115356,191.8145905
208.2695923,194.9672852
203.1296844,200.8220673
202.9335632,205.0241547
204.8670197,195.6345062
214.7109528,194.0540924
218.0509644,197.2645111
217.4361877,204.4469299
218.7999878,194.5375061
219.9502563,184.6004791
220.8768311,174.6412964
221.1396179,164.6423645
223.4759369,159.8305817
224.1267242,169.7891846
223.5739136,179.7754669
222.7936707,189.747879
222.2678986,199.7373352
222.1437988,208.8973236
222.6901398,198.9093628
223.3379822,188.9270782
224.2079163,178.961853
224.6628418,168.9705505
223.9984741,159.0063171
467.1493835,173.3143463
466.0202637,182.5727386
470.992157,174.9449768
471.0234985,171.3813019
467.9003296,180.7750854
467.7979126,173.145462
528.037384,177.8085327
527.9636536,187.8022003
534.2298584,192.4073334
541.7913818,189.902832
532.8818359,187.1544952
533.0985107,178.3472137
541.1908569,181.3083954
534.9120483,174.2594757
538.6123657,177.6049805
535.0560303,179.1660614
531.5681152,184.5414581
539.1464844,187.9336243
535.5582886,191.7552032
528.4549255,188.3365631
528.5386963,178.3568573
545.1326294,178.7771606
547.9589844,187.9726257
555.3741455,192.4874878
557.6819458,202.1967163
558.2189941,212.1732635
551.805542,214.7039337
542.934082,210.0971527
534.7243042,205.3314209
538.3132935,213.1887665
547.1582642,217.7973938
556.4584351,221.4578857
562.807312,216.0657349
562.5501099,206.0799408
561.0228271,196.2012177
557.4990234,186.8880463
549.7581177,182.3243103
548.8430786,180.7348175
556.0908813,186.0677948
560.2854614,195.0588684
562.0001831,204.9033813
562.4252319,214.891861
556.9519043,221.3443909
547.6834717,217.6150055
538.8110352,213.0381927
536.4689331,206.0770111
544.7196045,211.6599121
553.7970581,215.8403015
558.612793,210.6290131
557.9766846,200.6551056
555.3624878,191.0370941
547.2686157,186.4691772
547.822876,178.6728363
439.8528137,191.5449677
438.6009521,184.1508331
444.6984253,189.3768005
448.8310547,191.1559296
444.2521362,199.2582092
437.3348083,204.3596649
428.1507568,202.246109
424.9621277,192.8526611
428.5305481,184.3352509
432.3331909,192.0274963
430.5984497,199.4682159
438.3182373,195.4479218
434.3422852,199.6138153
431.0534363,194.7210388
432.4627075,185.5939789
425.1191406,186.9347839
425.1820068,196.8163605
430.6961365,204.6700897
440.4187317,205.2141113
445,197.0692444
450.5877686,189.4103088
444.4813232,189.0267944
438.43927,181.9159851
457.2657471,191.8711243
453.6769409,196.9457855
463.3386841,197.9559021
460.8214111,189.2826385
457.5090942,182.8341827
462.9982605,193.3058319
457.5262756,197.7464294
458.0530701,193.5693665
457.109436,184.4016266
363.6229553,190.5332947
363.4762573,200.3561859
370.1295776,207.2985535
377.6725464,202.870636
373.8405457,201.9237976
373.337616,207.2628174
365.2661133,202.6324463
363.4454041,193.0163574
369.41745,185.7033386
373.2600708,193.8731842
367.6706543,199.711792
369.6542969,199.8859711
373.8104553,192.392868
368.9460449,185.4539642
429.3554382,187.614212
295.4285583,194.1034088
295.9743347,204.0823669
301.9479675,210.6031647
307.2533875,202.7335968
308.1521606,210.967926
307.9015198,220.650177
308.5727539,210.6926117
307.8516541,200.7378998
303.7216492,209.3183136
296.5801697,205.5523834
295.8249207,195.5998077
293.8935852,188.1833344
300.9862366,192.8898468
300.7682495,190.1558685
257.8197327,188.810257
254.3471527,195.9279938
255.547821,205.8564911
256.0520172,214.9599609
255.7007294,224.9569397
254.6681061,234.9021301
253.4341125,241.4541931
255.6567383,231.7086945
256.292572,221.7312164
255.365509,211.8523712
255.7235565,202.0194092
254.813858,192.0675507
263.4795532,188.7240448
268.2600403,196.78302
265.6532593,206.3043671
260.0194092,214.2278595
259.8560181,224.2288666
259.2422791,234.212677
257.9410095,244.1252441
251.6714172,251.0601349
248.2355194,243.4968109
251.574646,242.6454773
247.1981506,246.7108765
254.0685577,250.9613037
258.5064087,242.2423706
259.8863373,232.3430023
260.313385,222.3506165
260.7652588,212.5289612
266.8909149,204.7108154
268.4944458,194.9764252
262.4130859,187.9994049
302.9680786,193.3397369
304.0847778,190.6381836
310.8265076,193.1037903
312.7055969,202.9082184
313.3438721,212.8893127
313.565979,218.1117401
313.3612366,208.1109009
312.4096985,198.1587219
308.8919678,188.9535065
377.9949646,194.8711395
381.3155212,204.1373291
390.5692749,204.5585938
388.8853149,198.9508667
382.1128235,194.9883423
387.9839172,191.9859161
379.1138,188.322998
275.3587036,189.8946533
275.2156372,199.5700989
275.6882782,209.5606995
275.5493927,219.5614929
274.7151642,229.5272064
272.4311066,239.2321777
271.271637,246.1776123
277.8070374,239.8163605
279.4562988,229.9664612
279.9443359,219.9766388
280.9544678,210.6096802
286.7536316,202.8358459
286.505127,193.0851898
278.3751831,188.6820526
229.4841919,197.8066406
229.7674866,207.79422
234.638504,215.0085907
239.0459137,206.3317871
244.1459961,213.3996277
249.5302277,208.7911377
243.9600525,201.5329132
244.6365662,193.5246582
235.8909454,188.9350128
286.6715393,194.6153107
285.7712708,204.3792877
279.7696228,211.5638428
279.2295837,221.5524597
278.7162476,231.5424042
277.1358032,241.3950043
269.6525574,244.3174286
273.8813171,235.8269653
275.6530304,225.9895325
276.0729065,215.9969788
276.116333,205.9939117
275.78302,195.9984741
279.720459,189.0389099
383.8363342,193.0492554
382.9959412,199.3034821
392.0302124,201.2300415
384.6082764,204.4217224
379.0457153,197.5693512
380.5935364,189.1329498
243.9494019,194.0146942
239.133255,196.7202606
233.0519714,197.0042419
235.1742554,202.9927521
242.6976776,200.161438
247.4928436,208.6009216
244.2361755,213.0028381
239.1860657,205.2592773
234.8237305,214.0145264
230.1644745,207.3058929
230.2594452,197.3061218
234.5077667,189.3603058
368.1098328,195.3898926
369.1469116,193.7859344
277.507019,193.8161621
279.0935364,203.6625061
282.7020874,197.2008362
257.7244568,195.9622498
259.6321259,205.7615509
263.8955078,197.4354706
263.0375214,194.1227112
261.509964,203.6533356
258.7905731,197.9438477
282.1306152,195.1507416
279.9100037,203.3945007
278.4412537,193.5222473
237.3796997,199.0225983
233.6726379,199.989975
237.18927,195.5947113
300.6749268,199.1865234
216.6262665,209.690918
201.2023163,212.8033295
202.0117188,209.3529968
195.0700836,213.6156616
351.4126587,218.758194
355.4572144,212.8606415
351.2359924,217.9188538
192.8768616,218.1047058
198.4250793,221.4373169
193.0613403,219.7714081
213.2212982,223.5007324
216.6432037,223.7194366
213.7661438,218.2173767
292.2971497,224.9074249
296.428833,233.9798431
305.26828,236.5405731
311.9237671,229.3116608
307.8222656,234.4666443
298.6070862,235.7826385
293.4752808,227.4263153
296.3147888,223.1833191
299.0254211,226.954071
292.586853,220.9907074
306.2380676,227.2083893
506.8559265,273.6795502
507.7446594,283.6395264
507.93396,293.6394348
507.4699097,303.6292419
506.3985901,313.5702515
513.0988464,312.7238159
517.6355591,303.8239746
511.8904419,302.3305359
511.8314209,292.328064
511.7788696,282.3249207
511.0304565,272.3625336
508.3528748,267.0108795
510.9324036,276.475769
511.4302063,286.464325
511.4073486,296.4676819
512.2915649,305.368103
515.8241882,307.0516968
510.5406189,315.4945984
507.2434387,308.7875061
508.3083801,298.8433228
508.6314697,288.8473816
508.194458,278.8566589
506.5239868,269.0026093
541.1246338,274.9893646
539.4111938,284.8424072
537.9784546,294.7001343
542.8459473,289.5709534
544.6223145,279.7281189
545.0783081,269.7866364
400.7925415,270.444458
396.8115234,275.5962524
399.162323,285.305542
399.7862244,295.2782593
399.0028076,305.2452698
397.2396851,315.0891418
395.1102295,324.8577576
400.4882813,325.8574829
395.6842346,323.0310669
397.8328857,313.2631531
399.6125793,303.4195251
400.5288391,293.4804382
399.6112671,283.5247498
397.1481934,273.8774261
404.3728027,270.9837799
411.5920105,273.5240936
401.706604,274.3526306
402.2286072,282.4645996
408.8953247,285.7543335
413.6487427,288.2111206
404.1650696,291.0015564
403.3187561,300.9248047
402.590332,310.9011536
403.0799866,309.0263367
404.0094604,299.0663452
406.4121399,290.7089233
415.694458,287.3001404
408.7102966,285.258667
402.7831421,281.6267395
404.1817017,274.8733826
412.9586182,272.4839172
544.4433594,272.3044891
543.5910645,282.2575378
541.9368896,292.1218262
539.0568237,289.1842651
541.0411987,279.3807983
543.1306763,269.7429504
296.0473328,286.7351379
293.4253235,296.3841553
292.0026855,304.0526123
290.3399963,294.1992188
286.6993408,284.9318237
281.5574341,286.1013489
279.4650269,295.8825989
277.0840454,305.5979309
274.4319611,315.2433472
271.6925049,324.8639526
274.0631714,318.0198669
276.9373779,308.4386292
279.4017944,298.7432861
281.724762,289.0136414
285.7475281,284.8382263
289.6938477,293.9710999
291.6026306,303.7817993
292.5947571,305.618927
293.9284363,295.7130737
296.6155701,286.0866699
302.2221069,278.5736694
305.4187012,287.5859375
306.3911133,297.5416565
307.2635193,307.5065002
308.271637,312.4568176
307.1830444,302.51651
306.3386841,292.5491333
305.0502014,282.6321106
220.1857452,282.4828796
214.2144775,290.2360535
214.34552,300.0349426
220.4631805,307.8348083
215.3009796,311.7854309
205.6622925,314.3747559
198.8472595,321.2129211
200.4728394,330.8812561
207.0531006,338.2095642
216.6609039,340.4451294
226.1766052,337.651947
233.7968445,331.2616272
239.7984314,332.6861877
244.7574158,341.3716125
250.4132996,342.4856567
246.5202179,333.3985901
240.5664215,325.3645325
243.8223572,316.6156311
247.2458801,307.2343445
249.4597626,297.480957
245.9700165,296.8985291
243.1662292,306.4989929
239.0654297,315.6027832
233.0844269,315.2678833
234.2589722,307.6770935
238.7730713,298.9201965
235.9679718,289.5962524
228.6583862,282.8515625
229.8677673,284.1916199
236.768158,291.3565979
237.92659,300.9662476
232.2972717,309.1191711
233.8455048,317.2158813
239.9550476,314.8908081
243.990921,305.743988
247.4424744,296.3584595
247.3987122,303.7653198
244.7065125,313.3855591
240.0338287,322.2027588
244.1034546,330.6048279
249.3227539,339.1087036
245.7187653,342.2862854
240.7828522,333.5865784
234.6747742,329.5633545
227.4192963,336.3786926
218.1210022,339.8357544
208.369278,338.3395081
201.35495,331.4516296
199.4596405,321.7937622
205.928421,314.7261047
215.5667725,312.1337891
221.0528107,307.7791443
214.8720093,300.0109558
214.8186493,290.1875305
220.9908142,282.6486206
219.6406555,288.3144836
217.8286591,297.8360291
223.8269348,305.6981506
231.2773438,303.1056519
230.3648376,303.8539734
223.0041656,304.1947937
217.9931488,295.8516541
221.6398163,286.9207764
229.8475647,290.2536316
233.6159668,296.9100037
228.6173096,288.4539795
454.4106445,289.0249634
459.8895569,287.114624
456.8711243,290.2422485
298.6706848,294.2590637
297.1568298,304.1255493
298.206543,298.2947083
300.9082031,288.7324829
301.8589783,298.6756592
302.4443054,308.6620178
303.6033936,317.9072571
302.7565918,307.9434509
302.1925659,297.9563599
301.1000061,288.0233154
442.7615356,295.5870361
437.2217407,302.3409729
441.1330261,304.9520569
443.5944519,312.4325256
451.1384277,316.4459534
455.8424683,308.5013733
450.1483765,308.6011963
451.4692688,306.2919312
454.553009,313.0504761
445.9420471,315.6660461
443.9366455,306.2932739
436.8603821,304.7001648
443.9186707,298.377594
447.6720276,297.2711182
451.8644409,299.2063904
446.1694946,306.2578125
447.1594543,307.604248
451.5087891,300.1688232
450.6723022,294.6393738
446.0016174,292.0804749
283.3824768,293.3974609
281.3312683,303.1868286
279.1087341,312.9393311
277.2960815,322.7763367
274.4714813,332.326416
270.3892517,329.2473145
275.3635101,331.757843
277.8379822,322.0753784
279.8004456,312.2670593
282.1014404,302.5319519
284.1810913,292.7507324
286.6372986,297.7496338
287.2973938,307.7229309
287.5497131,317.2764282
287.5997009,307.2731628
286.9775696,297.293396
482.2107239,293.9798584
477.5728149,302.8397827
472.4570007,299.64505
466.4937134,298.1001587
471.4273682,306.7496033
475.5949707,315.3007507
481.0378113,307.8489685
485.20755,298.7571106
485.5973816,294.7008972
482.3642578,304.0534363
478.3137817,313.1847839
472.7116699,309.2979736
468.9167175,300.0736084
473.1906128,301.7546692
478.2924194,302.1773987
483.4320374,293.6773987
488.3768616,301.5389404
489.1447754,311.4563599
496.615387,310.234314
488.9700623,309.2127686
488.9836731,299.2372131
495.9997559,297.6189575
493.1799622,300.2161255
495.2967834,305.8495178
503.6228333,307.8884583
502.812439,309.4644165
499.1384888,304.7953491
492.6712952,302.629303
499.4525452,300.3890991
491.5029297,294.8895264
457.5605774,306.6019287
457.6642761,316.257843
462.1964111,309.7664795
461.1434021,299.8346558
411.3965759,300.6274414
409.4129639,310.3507996
413.249115,319.0995483
421.6711121,316.5174866
415.0670471,314.5438538
418.9435425,311.8723145
421.6635742,302.7957764
414.7512207,297.1452637
428.0803833,306.5905762
425.1682739,313.2706604
427.4268494,317.5153809
436.5743713,313.8774414
432.301239,305.2002869
430.1672668,297.5072021
421.3205261,306.0232849
415.2000732,311.1960144
417.0335388,314.9055176
418.4593201,319.0907898
410.6900024,314.9690857
410.6202087,305.0939636
416.2926331,297.5601807
357.3475647,301.6008301
353.9830933,307.3428955
351.5552673,316.9802551
355.1647644,323.5878296
357.6166077,314.0961609
354.5279541,323.2529907
352.4518433,315.561676
354.8382874,305.8739624
359.5812988,301.0711975
366.8173828,301.9131165
366.6464844,311.9151611
369.0933838,317.7782898
371.0801697,322.3981018
363.3930359,322.8502197
362.8739929,312.9110107
361.9257507,304.776825
357.9349976,313.0761108
362.5500488,305.6644287
362.2446899,315.657959
364.5507507,325.2235107
372.1046143,321.2809753
369.6976318,316.5846558
366.8832397,311.7178955
367.1998291,301.7421265
460.9977417,301.5812988
461.5588989,311.5614624
457.6341248,312.433136
457.8563232,302.4338379
431.5583801,304.7316284
435.9915466,313.2880249
426.9473877,317.099884
427.620636,312.3769226
427.9506226,304.3424683
334.5936279,303.223877
332.1402893,311.2697144
336.5122986,320.1923523
344.5022583,321.1019287
348.5404968,311.9882202
346.9750366,302.719635
345.7216797,302.3637085
348.5759277,311.0994263
344.4851685,320.1986084
336.9232178,320.0392151
332.7909851,310.9763489
335.3971863,303.1135559
345.0256653,302.0343018
416.548584,308.0247192
416.9750061,303.1898804
414.0213928,304.5866699
315.3803101,306.3365479
314.5188293,315.3497009
318.6891479,324.4324341
326.1133728,328.5370483
328.6202698,319.0767517
328.2365723,309.1020508
322.5211487,302.0639648
328.1268311,309.3859863
328.209137,319.3817749
325.2492981,328.5021362
318.4353638,322.908905
314.2025452,313.8651123
317.682373,304.9216919
336.4953003,308.1156006
339.8342896,316.8988342
343.8145142,309.8197632
339.5386658,315.9989319
337.9807434,307.4508057
297.6075134,308.5721741
318.1722717,314.7518005
323.5013733,321.9221497
323.7847595,311.9403687
323.5743408,311.6711426
323.0331421,321.6306152
318.4540405,313.425415
534.9092407,309.1735535
538.4990234,313.6338196
537.9511719,312.0462646
222.3601685,314.6175232
212.5797272,316.6708374
203.4602966,320.2733765
203.8456573,329.780426
211.8043518,335.4134521
221.6596375,334.9749451
229.7227936,329.2511292
232.2412567,320.9364319
226.0001221,313.4903259
230.2832947,318.7953186
230.9664307,327.1591187
223.5776978,333.7920837
213.8811188,335.4795532
205.3293152,330.7583008
203.2495575,321.4296265
211.9981995,317.1874084
221.8082275,315.2546387
309.4884949,317.795166
402.2553101,317.2773438
287.9547424,320.2168884
309.6560669,325.1329956
305.4638672,324.057373
311.2269592,321.5848389
289.8832092,327.609375
295.2975159,326.1743774
364.0780029,144.9560013
366.2998962,148.1747742
503.2727966,148.6062622
511.4957275,153.7162018
520.7907104,157.3658752
525.0182495,165.377655
521.2026367,174.5611115
515.1160889,182.4768829
507.6358948,189.0927429
505.8846741,182.6388092
504.3577576,181.9499969
501.0905151,191.3843231
496.7710266,195.5485077
505.7114258,195.3324432
513.4403687,189.0213318
520.0471497,181.5214844
525.5908813,173.2078857
528.9506531,163.8591919
524.7494202,155.403183
515.6521301,151.3206329
506.6871643,147.47715
354.9989624,148.4774475
345.4023438,151.281723
349.8717346,153.1589203
359.7038269,151.3304749
357.8588867,151.2997131
347.9612427,152.7358398
350.6452942,150.3332977
360.0740051,147.0356445
511.353241,150.5387726
520.7787476,153.8798218
528.1455078,160.074646
526.7381287,169.7918701
521.5179749,178.3083801
515.3719177,186.1905518
508.1357117,193.0752258
499.1387634,196.7635498
502.3737183,190.2515411
506.8913269,190.1357574
514.6145935,183.7999878
521.0699158,176.1850281
525.1576538,167.1170959
522.9320679,158.0572052
513.8409729,153.9812927
504.8598633,149.9423676
356.2104492,164.923172
356.1800232,174.9103394
354.9620972,184.8354492
353.1977539,194.6797791
351.3573914,204.5105438
350.3616638,214.4444885
354.8338928,215.9596558
350.7886658,211.4036713
352.3776855,201.5337982
354.5053101,191.7611084
356.9599609,183.8070068
356.0246887,193.756546
354.7950439,203.6786957
354.7692261,213.6790161
355.1206055,205.9937744
356.2423706,196.0613403
357.7559509,186.1774292
358.3301697,176.1952209
357.9562073,166.2064209
222.2149048,166.2724304
221.4667358,176.2456055
220.4147339,186.1917725
219.0981445,196.1061859
217.4872437,205.9769592
219.3331451,199.0023041
221.3053741,203.1122742
221.7141571,206.9576263
221.9140015,196.9577942
222.3678131,186.9665222
223.0438538,176.9877625
223.262619,166.9904327
202.702179,169.0235291
202.1760559,179.0097656
201.0660706,188.9486084
199.3505249,198.8000488
197.9563446,205.6511993
200.5762024,195.9998779
206.2765503,192.0039368
215.3428497,187.9800415
212.9690094,193.3178864
203.6339417,194.4764099
202.1589508,203.9733582
202.5228424,203.8814392
204.7547302,194.7561951
214.6175385,193.4823914
215.3357086,187.3844757
206.3194427,191.4149628
204.0982666,183.6736298
204.410675,173.6785889
203.2678986,163.899826
469.229187,175.7382355
528.7651367,179.9496765
529.1744995,189.9219513
537.8738403,191.703537
534.8533325,187.7056274
531.0765381,180.8817139
537.4880981,180.3255005
533.6534424,174.9176636
546.4085693,180.9563599
551.8568726,187.3461456
557.2741699,194.914856
558.9846191,204.7559204
558.6389771,214.7120667
560.4815674,209.9490509
560.7005005,219.225174
551.4696655,218.1369324
542.2991333,214.1531372
537.4342041,208.3353577
546.0142212,213.4464417
555.3153687,217.0687103
549.2974854,214.2990265
540.4500732,209.701416
536.8986206,211.0197906
545.371582,216.225296
554.5662842,220.1585083
562.1643066,216.7651062
561.6185303,206.7928619
560.1398926,196.9057007
556.6331787,187.6067657
548.6626587,182.4454346
411.5851135,188.6876984
420.0863647,191.4940948
419.2223511,196.605423
413.4073792,192.6233521
419.541626,197.9086914
421.3182068,192.5634613
413.3036194,187.3637543
552.112793,186.8067474
429.3733215,186.6543274
458.8339844,193.3269196
458.4006348,197.428421
461.6364136,192.0516052
365.4356079,189.5905304
364.1853943,199.2935333
370.4129333,206.5612946
374.7672729,202.1156006
367.1716614,198.8122559
372.9559631,193.4719086
368.234314,186.8154907
371.9208069,195.9404602
370.7494812,192.0188446
395.8969727,190.2868958
395.6954651,199.8526764
403.614563,205.1385498
411.2957764,201.1008759
412.3192749,194.408371
409.3374634,203.8359375
399.8161926,203.5187531
403.1672363,201.7288818
398.0322266,198.7616272
399.868927,190.2632446
397.521759,188.4647064
425.3829346,192.4012451
431.8189087,191.3172302
441.7798157,189.0107574
438.7523193,195.5350342
430.9737244,200.2664337
428.614624,202.1354675
437.9286804,203.9411926
443.9259033,197.6981659
449.2518005,189.5251007
536.40625,188.1501923
533.8088379,191.3040619
293.0736694,189.9878845
295.6985474,188.9550171
300.059082,196.0899353
302.1741028,202.1099243
300.4214783,197.1031342
297.3097229,188.7558136
444.9758301,194.0140686
439.1452332,200.9074707
434.865509,203.376358
432.5358276,200.9601746
439.802002,194.981781
447.105835,188.8524323
263.5238342,193.873642
262.3627625,203.4042358
258.1705933,201.0523224
256.5439453,203.6624603
256.500824,213.3389893
256.8813782,223.2421875
255.6207581,233.1611633
253.1858673,242.8439941
255.8316498,235.4563446
258.2502594,230.2332764
257.9800415,240.2264099
254.4434814,249.2768402
249.0639343,245.5804901
248.0685425,248.1759033
256.0183105,248.0155945
258.6019135,238.4785614
259.1273193,228.4920502
259.3351746,218.4923859
262.6018982,209.7809753
267.481308,201.1542358
266.4322205,191.5445709
304.2964783,191.136261
304.5707092,191.0265808
310.6659241,194.8805542
312.1560669,204.7593231
312.691925,214.7457428
312.898468,219.5886536
312.7324219,209.5882721
311.9258423,199.6231384
309.1186218,190.1054993
267.4457855,195.1804352
265.5963898,204.8174133
259.3681183,212.5718536
258.4441986,207.3274841
264.3470612,199.7223511
260.6046295,191.7232971
276.3779297,190.9394379
282.7356567,194.6092224
280.7218628,204.0644989
283.1036072,199.1784973
285.0107422,193.7887573
285.493042,203.5258636
278.7539673,210.271759
277.6988831,202.0656433
276.9466248,211.367691
276.584137,221.360321
275.3003693,231.2739563
272.294754,240.7772064
275.5914764,232.6314545
277.7055969,234.2754517
274.8526306,243.6047211
270.2159424,243.2738495
276.9693604,241.1160278
278.3233337,231.238205
278.6007996,221.2407074
279.0203552,211.2485046
285.6920471,204.4052582
285.9044495,194.599472
278.3735962,189.8083954
366.7070923,194.7528839
380.5906372,192.088562
231.0498505,195.9432678
230.4885559,205.9163208
234.0575867,214.0987091
238.7092438,205.5942841
243.0970154,211.882843
247.3182983,208.8358307
242.2009125,200.3890076
235.0748901,203.9294434
232.1759796,198.6663818
237.559845,194.9888763
244.2482452,194.9629364
235.6399994,190.0871124
405.762207,196.8530579
240.4263458,192.7567749
240.0107269,196.5467377
235.00354,190.7766266
256.6390076,191.1567993
462.5604858,194.9326782
457.4368896,195.0651855
296.0298767,198.4206848
297.9983215,208.127533
304.6829834,207.4261169
297.3822327,205.7076721
296.4862366,195.8199615
364.4438782,197.1180725
380.6548462,201.3834839
389.4039001,203.4488831
385.6725159,199.766449
379.670105,195.771225
307.3141174,200.0359497
308.8833313,209.2265015
308.5327148,219.2154694
309.1697388,211.3591614
308.7303162,201.3703613
441.158844,198.8029785
246.0461578,208.0575104
243.3140411,211.3371887
238.7250061,204.6129456
234.5071106,213.4366913
232.9621735,207.0310516
239.3360748,199.6998444
374.2711792,202.7921295
368.8786621,205.2327118
390.6139221,201.7959137
382.0256958,201.9191895
306.6817322,202.7331238
196.37854,211.1427002
200.2300262,214.7518463
194.5034943,221.8307495
194.8721466,221.3854523
215.5219574,223.5484009
214.0804291,222.3320465
294.3736877,229.1091614
293.6844482,224.8819122
299.2983093,228.9274139
296.6184998,224.1654968
307.7654724,224.2804413
305.3973694,229.4539032
305.260437,235.9517212
296.0612183,232.7512207
299.1082153,235.3841248
508.1644897,273.3066864
509.394104,283.2271729
510.4908447,288.7515564
510.2831726,278.7545471
508.4609985,269.0043182
397.8278198,271.8872375
405.866333,273.6838379
408.0140991,270.8051453
542.706665,276.2193298
540.4648438,285.9664001
541.1286011,292.4214172
542.7312622,282.5557861
298.7511597,281.4490051
295.5305481,290.9030457
293.491394,300.690155
292.5719604,310.6465454
291.0768738,304.4108582
289.3255615,294.5699158
286.4946594,291.3011169
287.8364563,301.1913757
288.030426,311.1910706
288.4165649,314.4503479
288.9720764,304.4643555
290.9180908,308.8673401
292.9794312,310.3598633
294.0661926,300.4212036
296.1274414,290.6376953
299.4461975,281.2250977
304.2497559,285.6473389
305.3744202,295.5847168
306.3362122,305.5396423
308.1427917,315.3520508
306.8617859,306.4805908
305.9496155,296.5205994
304.8489685,286.5800476
300.7854919,279.0669556
215.3526764,290.1307068
215.4127045,299.9136047
221.6604614,307.6329651
216.0204926,312.4300842
206.3918304,315.0713501
200.3994293,322.3655701
202.6204834,331.9942017
209.9576416,338.4909058
219.7940521,339.1565857
228.7779083,334.9434509
235.7446899,327.8136902
241.8529053,334.8042908
246.9420624,343.3856812
247.5139618,336.3252563
241.7604675,328.1550903
241.2603455,319.5469666
245.1360779,310.3574219
243.2878113,309.6174927
238.3037262,318.2773438
231.5835724,315.1325989
233.7395782,307.2283325
238.2286835,298.4739075
234.8939972,289.3421631
227.187851,283.0563965
400.9950562,289.9549866
400.8612366,299.9268494
398.9208679,309.7380066
398.0125732,315.5694275
400.8559265,306.0048218
401.4656677,315.5457764
401.2636414,319.9654541
402.2254944,310.0157166
402.7119446,300.0259399
404.2364502,290.4502258
413.770813,287.5453796
406.5750732,287.0650635
400.7434082,283.7598572
234.0924835,288.8721924
237.682724,297.9404297
233.7716675,306.9131775
226.2765656,312.9969482
216.5041962,315.0231323
209.8726196,314.6767273
219.5283966,312.0746155
224.3167419,306.8600159
217.7775879,299.3582153
218.3417969,289.6656799
226.3102875,285.9197083
232.7886658,293.4479065
230.8609619,289.8167114
223.191925,284.2874451
283.1037292,285.4955444
298.5155334,291.9493408
296.4892273,301.723938
296.9094543,308.4538574
297.3649902,298.4719849
300.0478821,288.8528442
302.3319092,294.8846741
302.8876648,304.8705139
303.4578552,310.6775818
303.17453,300.6809387
302.4710083,290.7043457
299.170166,289.843811
412.9593201,286.2763672
456.7622375,288.9590759
280.0840759,300.1658936
277.4300537,309.8049011
274.072876,319.2244568
271.0861664,328.7692566
275.6755219,329.0844727
277.5316467,319.2653503
278.8650818,309.3534851
281.2568054,299.6451111
480.3275452,298.8080139
475.141571,306.3943176
472.039978,305.0070801
475.3605042,314.277771
480.7038269,306.9515381
484.7840576,297.8226013
483.6498718,299.5478516
479.5189209,308.6539612
474.1140747,311.4315186
478.5524902,303.3204956
483.9587708,295.4807434
440.6944885,301.4446411
443.6367798,303.4945679
451.7988892,298.3537903
489.4408569,301.0777283
489.9658813,311.0158997
499.0312805,309.4132385
498.8031311,305.4837036
491.7235718,304.0561218
497.2594604,300.0223694
509.3586121,299.1266479
507.5432129,308.9621277
509.4561768,306.0703735
514.2796631,307.7930298
508.4656372,315.117981
511.8411255,313.6832581
516.2934265,304.7375488
510.6335144,303.671814
492.9388733,298.8989258
450.8820801,298.6012878
442.6016541,302.1258545
450.4901733,297.3754272
229.0953827,306.0432739
232.3513336,302.5691833
416.0982056,301.0376892
415.4122009,309.1971436
420.7552185,306.4619446
416.7138672,298.3386841
357.0969543,304.7947388
354.8915405,309.8371887
360.4798584,301.8172607
365.8876648,304.5430298
365.2819519,314.5007629
371.047821,318.4435425
365.6213074,324.5956116
363.7293396,315.0574341
363.9703369,305.0818787
358.3692932,308.5087585
361.6589355,304.2103271
363.1400452,311.8585205
363.4696655,321.8318176
370.7226257,322.3287659
367.7391663,319.2237244
366.2484131,310.013855
365.6580505,300.2110291
419.9038696,305.2438965
418.6818237,306.7853699
458.5899963,300.2301636
458.2880249,310.2252808
461.2187805,311.7922058
460.3026123,301.8509521
332.8797607,305.3117065
335.8164673,309.1747437
344.1079407,307.2644348
341.363678,316.6971436
334.9708557,312.4042664
338.6140137,321.4618835
345.9449463,317.4432373
348.4743958,307.8334961
342.0151367,301.7266541
348.2752991,307.9851074
345.3369141,317.4924316
338.1502075,320.4886169
341.97995,316.1743469
344.0254822,306.8474121
335.5995789,308.78302
334.5842896,304.3522339
344.1054077,302.4556274
314.683136,310.3944397
317.6702576,313.3828735
323.6054688,308.0643616
324.1282349,317.9917908
319.8764343,319.8050842
319.4614258,324.0692444
326.4173279,326.9905701
327.9017029,317.1565857
327.2003784,307.2099915
428.7386475,304.2485352
428.1907654,312.4263611
428.8007813,316.1456604
435.4328003,310.9188232
429.2158813,303.2092896
327.4547729,312.537323
327.1808472,322.5332947
321.4663391,326.7289124
324.020752,322.3240662
324.7572632,312.376709
319.5693359,308.6819458
314.8356934,312.4094238
319.9327698,304.3702087
499.2580566,308.9734497
490.1519165,310.142395
497.8405151,306.0834351
448.8593445,312.3175354
454.7236938,309.561676
448.2207336,315.6967773
447.0903015,310.8332825
445.7759399,314.9023438
454.4673462,312.9655762
433.6781006,309.6342163
429.6582642,315.2333069
429.8378601,312.1674805
411.6876526,308.6360474
458.6728516,311.8157654
411.264801,314.5574036
418.700531,318.478302
414.7936401,315.2951355
297.2829895,315.6368713
351.7477112,319.9391174
356.3757324,317.7671814
354.6021423,321.9103088
353.6286011,314.020813
231.8569641,318.9889526
231.4245605,327.8779602
223.9239044,334.3972168
214.2353058,336.2643433
205.1824036,332.432251
201.3204651,323.6242065
208.1091461,317.0853271
217.958786,315.3698425
227.6433411,313.686676
238.7363434,324.9838562
244.8525391,332.8470459
248.9832153,341.7656555
243.174408,336.4740295
238.3481445,327.7138367
230.9984283,332.1694641
222.85672,337.8615112
213.0670471,338.552124
213.9700928,336.9126282
223.7020111,335.1433716
231.4402466,328.9307556
236.4406281,320.6952209
242.3821106,315.4618225
419.0280762,317.5683899
414.8937683,315.7224121
275.6392212,328.2046814
271.7467804,327.8268433
274.9464722,318.3535461
396.2609253,322.6092529
288.4415588,322.0757751
308.8417053,324.9725647
306.3570251,323.8083191
292.924408,327.539856
292.7063904,327.3344116
397.6741333,327.6420593
